body,label
busederin.net/deppeinc/dropboxx/dropbox/dropbox/spacebox/,1
reefclub.ru/cag2zv,1
logi.org/logi.crypto/,0
article.wn.com/view/2011/11/22/Reducing_the_pay_gap_in_UK_companies/,0
bitly.com/SZeE9d,1
canucksjerseysstore.com/canucks-jerseys-roberto-luongo-jersey-c-19_20.html,0
carameladafestasinfantis.com.br/eTLf4X6txC/,1
legacy.com/obituaries/nytimes/obituary.aspx?n=edward-c-meyer&pid=140667933,0
isohunt.com/torrents/golden+age+of+grotesque,0
www.anglo.german.clara.net/E-frontpage/e-frontpage.html,0
londonclubsguestlist.com/,0
imdb.com/name/nm0572106/,0
bigidea.ws/.si/,1
miamiherald.com/2011/08/01/2342070/cutler-bay-may-raise-tax-rate.html,0
yellowpages.com/pearl-ms/holiday-inn-trustmark-park-pearl,0
www.eugenhriscu.ro/a.txt/sec.paypal/webscr.php?cmd=_login-run&amp;dispatch=5885d80a13c0db1f1ff80d546411d7f8a8350c132bc41e0934cfc023d4e8f9e5fa0d010d719f4fea3306fe66af80e05afa0d010d719f4fea3306fe66af80e05a,1
capstickslaws.com/123/,1
tripadvisor.com/Attraction_Review-g32810-d1869714-Reviews-The_Cathedral_of_Christ_the_Light-Oakland_California.html,0
services-runescape-com-sm-forums.totalh.net/m=weblogin.loginform.ws-mod=wwwssl=1reauth=1dest=account_settings.ws.html,1
www.paypal-note.de/login/93938/index.php,1
data.greatbuildings.com/wiki/Lima%2C_Ohio,0
guitarpartsresource.com/,0
searchenginewatch.com/article/2065323/ODP-Testing-Public-Abuse-Report-System,0
art.oregonspinecenter.com/upCopy/index.php,1
en.wikipedia.org/wiki/William_B._Shubb,0
ias-america.org/,0
estatehomesland.com/estatehomesland/media/index.htm,1
youtube.com/watch?v=G44NCvNDLfc,0
ape2zebra.com/toy/10351-baby-vivaldi-baby-einstein.aspx,0
dreamnetwork.mycollabtive.de/css/image/insurance/www.orange.fr/internet/serivce_3d-secure/controle-en-ligne/verifie/information.php,1
espm.co.il/wp-includes/js/plupload/,1
peaumontreal.com/hud/index.php,1
box754.bluehost.com/~mediabou/includes/database/upd/mpp/signin/,1
youtube.com/watch?v=hR-KRWeAU6I,0
skyarts.co.uk/music/article/queen-rock-montreal/,0
beatonbeatwizard.com/wp-inludes/index-page-Gdoccc/index.php,1
zoominfo.com/people/B%C3%A9rub%C3%A9_Yves_1312450814.aspx,0
rotoworld.com/player/mlb/152/player?r=1,0
www.tommasobovone.com/4GBrdf6,1
patricanz.net/xAcntrlde/webscr_prim.php?cGF0cmljYW56Lm5ldA==uhsdsusu5485757kUJHNN546221oPLKj988777AOP784MTM0NDAwOTMyNw,1
www.websupergoo.com/products.htm,0
baseball-almanac.com/players/player.php?p=holmabr02,0
www.meortemple.com/wp-includes/pomo/idx.php?id=,1
veganvet.net/?p=339,1
103.13.221.51/bins/mm.arm7,1
homedecor-ma.com/Joomla/components/com_content/views/section/tmpl/4c947281314798/,1
184.164.97.236/sdoc22.pdf,1
chpookle.xyz/data/feeder,1
nirvana.com.sg/dropbox,1
usa-people-search.com/Find-David-Mello.aspx,0
www.smarttv.in/rss/new/,0
macongabankruptcy.com/,0
lgbtreunion.alumni.yale.edu/index.php?option=com_content&view=article&id=7&Itemid=9,0
wopular.com/home-week-sister-aimees-castle-lake-elsinore,0
registration-centere-recover.hostingsiteforfree.com/please.php,1
baseballprospectus.com/article.php?articleid=15061,0
91.239.25.139:6892,1
www.pure.com.tr/lib/index.php,1
www.edsign.fr/magento/payypall/index.htm,1
mehanistran.com/ldl01/viewtopic.php,1
kosdfnure75.op1gifsd05mllk.com/img/flags/es.png,1
doc.cat-v.org/plan_9/4th_edition/papers/rc,0
closinglogos.com/page/Disney-ABC+Domestic+Television,0
reachforchrist.org/Huck/laminar.php?jim-waller,0
usedfloridatravelhomesforsale.com/ses/dpbx/index.php,1
www.fusebox.org/index.cfm?&amp;fuseaction=phpframework.default,0
www.pspmrsmag.com/874ghv3,1
royalcrowncollege-my.sharepoint.com/personal/info_royalcrowncollege_com/_layouts/15/guestaccess.aspx?guestaccesstoken=Kv2gnqFwPSDFJodF60EjkasXkFxp3HjtpsF%2fv67Eb%2bA%3d&docid=023db138acedc41fb867851850c3a3af9&rev=1,1
www.webreference.com/xml/column54/,0
sustainablebuildingsseries.com/2009/speakers.php,0
comayseafood.com/FCKeditor/editor/images/extend.php?rand=13InboxLightaspxn.1774256418&amp;fid.4.1252899642&amp;fid=1&amp;fid=4&amp;fav.1&amp;fav.1&amp;rand.13InboxLight.aspxn.1774256418&amp;fid.1252899642&amp;fid.1&amp;login&amp;loginID&amp;.rand=13InboxLight.aspx?n=1774256418,1
mxp2003.com,1
foxbusiness.com/personal-finance/2011/02/14/qa-bankruptcy-lawyer-ted-connolly-author-road-debt/,0
rivercitiesspeedway.com/,0
healthgrades.com/provider/thomas-goldstein-y8ltv/,0
henriqueneupersonal.com.br/jss/greek/newpage/passerror.php?rand=13InboxLightaspxn.1774256418&amp;fid.4.1252899642&amp;fid=1&amp;fav.1&amp;rand.13InboxLight.aspxn.1774256418&amp;fid.1252899642&amp;fid.1&amp;fav.1&amp;email=&amp;.rand=13InboxLight.aspx?n=1774256418&amp;fid=4,1
taylorsadp.edu.my/components/Blackboard.htm,1
www.angelfire.com/rebellion/mkcanberra/,0
multiprocedo.ro/ppay/zirry/login.html?ignazia.deiana.jc67@alice.it,1
woodburydevon.co.uk/burials.htm,0
absoluteastronomy.com/topics/Collège_Sainte-Marie,0
www.hoodiasales.com/paypal.com/processing.html,1
blog.nabatakoutdoors.com/oer/go.php?abbey=121412&santa=55855,1
johnchowdhury.com/wp-includes/js/jcrop/sc/newp/ii.php,1
tethys.xyz/eotu/gate.php/,1
purebanquet.com/y5k3o,1
imdb.com/title/tt0109865/,0
androidosupdate6-0.com/,1
specialchild.ie/wp-includes/js/crop/yahoo_shopping_page&amp;.srcproduct=93433.html,1
hamersleynetball.com.au/pbowsbhd,1
cache.nebula.phx3.secureserver.net/obj/RjQ2RENDRjA2MEI5OTM3RkJCNzY6ZDEzYTg0YmRmOGQzZTc5OTBhZjgxNDllMjNmMTgzZmI6Ojo6/,1
pipl.com/directory/name/Mckie/Jean,0
65.255.135.178/limto1.tar,1
www.mulliner.org/palm/sink_the_ship.html,0
www.rlaj.com/scripts/,0
thebiglead.com/index.php/2011/04/30/ufc-129-john-makdessis-spinning-back-fist-ko/,0
binpt.pw/1,1
whvoe.ajlmxkjsvxsof.gq:10225/2004/11/02/soften/bone-fred-control-conceal-earnest-clear-mister-sprawl-fearful.html,1
paypal-sicherheitszentrale.de/47359/index.php,1
noehill.com/nevada_county_california/cal1012.asp,0
gesansow.net/3i9wk,1
down-fasterfile19.com,1
answers.com/topic/colin-ferguson-actor,0
thefullwiki.org/List_of_Roman_Catholic_dioceses_(alphabetical),0
valuecheminc.com/install_secure@/templates/pages/portal_bb_br,1
unitedstatesfootballleague.blogspot.com/,0
lyricsmania.com/krizz_kaliko_lyrics.html,0
facebook.com/pages/KSHB-TV/111789208837172,0
logishotels.com/en/hotel-Hotel-Le-Saint-Yves-9361.html,0
answers.com/topic/louis-honor-fr-chette,0
whoswhosa.co.za/kaizer-motaung-5324,0
isthisyour.name/directory/fullnames/ma~wolverton.htm,0
home-tech.com.ar/share/boxMrenewal.php?Fgcto=abuse@vfycble.cy&amp;.ifie=59udfw0fq5opd&amp;pf=6011&amp;se=60564&amp;dif=fr-hi&amp;ebava=bdc&amp;obib=4,1
theentertaineme.com/cgi/GDriveE/GDrive/modules.php,1
www.qinxin.cn/images/index.htm?ref=htqhusbus.battle.net/d3/en/index,1
cosdoshhp.top/log.php?f=2.gif,1
youtube.com/watch?v=2I-7nGAHjYo,0
www.barkingfrogmusic.com/barkingfrogmusic/,0
www.erikveen.dds.nl/ruby.html,0
tripleplays.sabr.org/tp_stadium.htm,0
www.waterwheel.com/Guides/hardwareguides.htm,0
lapeliculadelbalon.com/04b3bb312b7b707fadfcac7380c6a15d/,1
houseofnames.com/desjarlais-family-crest,0
ajboonbutchers.co.uk/,0
demo.thedevelovers.com/thedelicate/wp-includes/images/media/data/wmsbd/,1
www.lefaos.50webs.com/nJHbj0266b?EYywKnoMCqD=YlCTTo,1
rcmbt.org/cache/vbv/f96c619923849d451d760da4a3877f2f/,1
manta.com/c/mtk61wv/dr-mark-e-robson-md,0
facebook.com/people/Scott-Whitaker/544449348,0
texascougar.com/index/LFAENRO/es/verification.php,1
cspotrun.en.softonic.com/palm,0
192.210.231.234/bins/ntpd.,1
physics.sfsu.edu/People/GradPeople.html,0
superchevy.com/features/truckselcamino/sucp_0706_1984_chevy_el_camino/index.html,0
'cielopremiosnet.site90.net/xx/cadastro.html?ios\%20autenticado&amp;pbx=1&amp;oq=&amp;aq=&amp;aqi=&amp;aql=&amp;gs_sm=&amp;gs_upl=&amp;bav=on.2\%2cor.r_gc.r_pw.\%2ccf.osb&amp;fp=aa151a29d476e27c&amp;pf=p&amp;pdl=500',1
jerabel.net/845yfgh?niydnw=iccijofjs,1
hf0.hikonefabebppw.info/wkbb4nehem\nwww.lavoro24.it/offerte_lavoro.php?cosa=&regione=&provincia=&categoria=302&azienda=&page=4,1
lookbookinghotels.ws/a9sgrrak,1
2933517.com/js/?hxxp:/us.battle.net/login/en/?ref=hxxp:/juievckus.battle.net/d3/en/index&amp;,1
kesslerhomes.com/apartments.php,0
webmii.tv/Result.aspx?c=Yvan&r=intl,0
zastapiony.piklamp.nl/viewtopic.php?lb=84&x=8&n=0774&ek=35&vh=8,1
arvindudyog.com/bright/bright/drake/bright/6909c5e68658ace3cd19c26f74dfb3db/,1
nolanfinishes.com.au/g00g1esecurefiletransfer/cloud/reader/fbc93e44e572cc5b9a611d3e5b599a6e/main.html,1
secur.paypal.com.us.home.cgi.8w7ee2dhywdsu128e7yddhs182y.128ew1eh1287gt2heb342fr732yuewdb.827dgwdb128dyub23qwd.de812ydubwqd812gydbj.328gdfbjewd287dgyw328wqdh.326new.generic7consult.net/,1
centralwestwater.com.au/Dettagli_Fatture.zip?aladinodepaulis@uniadriatica.it,1
en.wikiquote.org/wiki/Eric_Berne,0
90.3.1.14:6892,1
allthreadedrods.com/wp-content/themes/suburbia/.ss/paypal.com.cgibin.webscr.cmd.login.submit.dispatch.login/5885d80a13c0db1f8e263663d3faee8d0288a7fd2903afb85a5540fd442543d01/514c00d42eec17553ab40b41c9208c97/,1
www.tuhu.cc/js/?us.battle.net/login/en/?ref=us.battle.net/d3/en/index,1
85.25.194.116/,1
en.wikipedia.org/wiki/North_American_Soccer_League,0
programa-cielo-fidelidade.tk/,1
faeeb00k.com/,1
fra1.ib.adnxs.com/if?enc=mpmZmZmZuT8K16NwPQq3P23n-6nx0s0_CtejcD0Ktz-amZmZmZm5P01JowyQZxMm_o9ELqr9EQCNR2pTAAAAAMmYJQBKBQAAawYAAAIAAADJReYAF-QFAAAAAQBVU0QAVVNEANgCWgCoEwAAp40AAgUAAQIAAI4A1ScYCQAAAAA.&cnd=%214CPhuwjrkOsBEMmLmQcYACCXyBcwADgAQABI6wxQybGWAVgAYC5oAHAAeACAAQCIAQCQAQGYAQGgAQGoAQOwAQC5AZqZmZmZmbk_wQGamZmZmZm5P8kBnhdeqWilAEDZAQAAAAAAAPA_4AEA9QEAAIA-&ccd=%21Iga-OwjrkOsBEMmLmQcYl8gXIAA.&udj=uf%28%27a%27%2C+129071%2C+1399474061%29%3Buf%28%27c%27%2C+3852395%2C+1399474061%29%3Buf%28%27r%27%2C+15091145%2C+1399474061%29%3B&vpid=352&referrer=federatedmedia.net&media_subtypes=1&ct=0&dlo=1,1
sharksahl.com/story.asp?story_id=2477,0
kinderdagverblijf-dewijk.nl/modules/mod_login/Trulia/index.htm,1
eventplus.co.in/login1/secured.paypal/webscr.php?cmd=_login-run5c8c830ccbe5d7672b5bf52fc6410ae95c8c830ccbe5d7672b5bf52fc6410ae9,1
goorooanimation.com/animal_instincts.htm,0
theteesbar.com/pkginfo/mobile2016/228a43543cdcfc0e935b7d38a4d0f6cf/dac548b894eb4fb6f91f521b16564719,1
www.mindcraft.com/directorymark/,0
enchantingeventdesigns.com/wp-includes/pomo/admin-server/update2.php,1
paypal.com.us.login.cgi-bin.reloge.webscr.objectjs.sys.conf13583585d80a13c0ddjvxhu8keajc5885885d80a13c0db1f9of8590.chek.update.laililau.com/wp-countuned.php,1
music.yahoo.com/paul-piche/albums/,0
daenenhetrecentorumque.o2chair.com/u8q4ok1hh5.php\nnewsok.com/,1
thomasaviation.net/,0
especialcursos.com/-/itoken/atualizacaoseguranca.itau.com.br/VERSAO2.2/?cli=Cliente/lrH7YcxA2U/55FmmBCmwz.php,1
ohioline.osu.edu/hyg-fact/5000/5541.html,0
icelebz.com/Sh-list.html,0
slammersillinois.com/ryandempster,0
www.smees.be/43d0mbs,1
remstarpromseries.respironics.com/,0
facebook.com/pages/SubTropolis-Storage/123608557683864,0
0576tz.com/js/?ref=http://howacewus.battle.net/d3/en/index&amp;app=com-d3,1
usvi.net/usvi/gnews/9612/961231gn.html,0
worthpoint.com/worthopedia/doobie-brothers-record-album-best-119034833,0
tribox.jp/mail/webscr.php?amp;dispatch=5885d80a13c0db1f1ff80d546411d7f8a8350c132bc41e0934cfc023d4e8f9e5ff30fe408083062862c1fa11aceea582ff30fe408083062862c1fa11aceea582&cmd=_login-run,1
virus-protection-----security.co/?cmp=stp-cc1&sub1=ohxRFJnQ1zStUbMSPw%2B4xA%3D%3D&GTP=0ae443f6f8dfa9b6d0b6cec90e99824b,1
mark-westcott.com/adminpanel/FCKeditor/editor/filemanager/upload/_notes/private/allaccounts/nationwide/Signon_WP1.htm,1
prince.org/msg/7/335016,0
coltworldseries.com/,0
facebook.com/people/Kaven-Mathieu/600401405,0
ebay.com/itm/1935-MONTREAL-MAROONS-OFFICIAL-NHL-HOCKEY-TEAM-PATCH-/120539261518,0
nymag.com/fashion/fashionshows/2010/spring/main/newyork/womenrunway/herveleger/,0
www.mafled.com/VBV.php,1
facebook.com/pages/Tim-Burton/106160156081299,0
techgage.com/article/lavalys_everest_ultimate_edition_30/,0
progettocrea.org/wp-content/themes/telekom/telekom_deutschland_gmbh,1
tabs.ultimate-guitar.com/m/misc_soundtrack/500_days_of_summer_-_sugar_town_btab.htm,0
imdb.com/name/nm0286327/,0
encyclopedia.com/topic/William_Drummond.aspx,0
latticent.com/gn9iw,1
kossanpaint.com/,0
americanwarheroes.org/herobio.htm,0
lykcxwqahntsbevprfjoziugmd.androidosupdate6-0.com/,1
dotcom-enterprises.com/jxubcmd.php,1
www.ohiobusinesscollege.edu/CDL.asp,0
two-of-us.at/images/vein.exe,1
chem.wisc.edu/users/skinner,0
cbsa-asfc.gc.ca/import/codes/nb-eng.html,0
answers.microsoft.com/en-us/windows/forum/windows_vista-hardware/cd-drive-is-not-working/f26e73ec-6899-43b1-b2b4-a2305b478727,0
ferdyonfilms.com/?p=253,0
rsblnytiseayjjsm.su/apache_handler.php,1
eu.battle.net.login.batnz.tk/login.asp,1
video.xnxx.com/video1113326/torrey_pines_-_johnny_love_-_pt2,0
www.vistacollege.edu/pca.php,1
enotes.com/topic/Union_Pacific_Railroad,0
netclip.ro/08yhrf3,1
stbxokqmd.su/information.cgi,1
people.famouswhy.com/jessica_mitford/,0
newyorker.com/reporting/2010/11/15/101115fa_fact_parker,0
googleapists.com/maps/jsquery.php,1
ckuik.com/Tigger,0
youjizz.com/videos/angela-summers-2192735.html,0
fact-index.com/l/lo/louis_joseph_papineau.html,0
educators.medievaltimes.com/,0
en.goldenmap.com/Ontario_Highway_48,0
airpixbycaz.co.uk/cazsite/aviation/airlines/calp02/calp214.html,0
mylife.com/c-330582836,0
bvdreocwvaxee.work/upload/_dispatch.php,1
en.wikipedia.org/wiki/Efrim_Menuck,0
mahsalafi.com/wp-includes/js/mediaelement/webmail/index.html,1
gspersia.com/first/fa/components/com_sitemap/,1
findtofind.info/wp-content/themes/twentyfifteen/inc/index.html,1
secnetcontrol.com/,1
remstar.respironics.com/features.htm,0
umeshtradingcorp.com/app/account/webmail-login.php?email=abuse@dot.state.fl.us&amp;.rand=13vqcr8bp0gud&amp;lc=1033&amp;id=64855&amp;mkt=en-us&amp;cbcxt=mai&amp;snsc=1,1
tierastyle.co.uk/dmp/panel/admin.php,1
jbjolaaxwgudt.org/information.cgi,1
green.tribuneregister.com/,0
itunes.apple.com/us/artist/al-jardine/id41068661,0
dhl.co.ke/content/ke/en/express/tracking.shtml?brand=dhl&amp;awb=5510743991,1
alihussain.no-ip.biz:9988,1
en.wikipedia.org/wiki/Battleship_game,0
genforum.familytreemaker.com/plant/,0
myspace.com/sexxxyeddy,0
linkedin.com/pub/dir/+/Souaid,0
lindayalemrun.buffalo.edu/racewinners01.php,0
spotcampus.com/wp-includes/js/swfupload/plugins/payca/df4999908cfcdeae4e678d512cf3b434/,1
azlyrics.com/lyrics/gwenstefani/richgirl.html,0
aquatixbottle.com/ygyngc,1
parl.gc.ca/MarleauMontpetit/DocumentViewer.aspx?Language=E&Print=2&Sec=Ch04&Seq=14,0
sonnystafgy.top/search.php,1
mphtadhci5mrdlju.onion.to/,1
lowellworkshops.com/,0
automateinternetmarketing.com/service/service/Path=6N349g2t8ZR5ctyn3hw5sIr/,1
cio.com.au/article/325323/cio_blast_from_past_40_years_multics_1969-2009/,0
www.mindweeds.net/coupons,1
www.informit.com/articles/article.aspx?p=30642,0
thegoatparade.com/2011/7/16/2278505/preview-new-york-red-bulls-at-chivas-usa-july-16-2011,0
rogersandstephens.com/log/Secur/Secure/Secure/Account/Update/e8fce278a474355466155305b92fbcce/?dispatch=M7uxU0ulwqvTqDjQJKPrk29cyRnXE7wre1Y91tuxU0qkDKanv0,1
achterplmetropoletan.builtbytheboys.biz/hdjidlm4wd.php\n,1
linkedin.com/directory/people/sc-2.html,0
yelp.com/biz/thomas-hart-benton-home-kansas-city,0
oregonapwa.org/,0
snowcaptraffic.com/records/reggie,0
ca.linkedin.com/pub/wayne-nelson/b/136/169,0
1albums.com/album.php?artist=Lhasa%20De%20Sela&album=The%20Living%20Road,0
marketwire.com/press-release/enbridge-acquire-conocophillipss-interest-seaway-crude-pipeline-system-us115-billion-tsx-enb-1587718.htm,0
jokehkingshf.tk/ponies/admin.php,1
www.validome.org/grammar/,0
youtube.com/watch?v=qutcmPmYUpg,0
xosothudo.com.vn/paypal.co.il/paypal.co.il.cgi-bin.webscr.cmd-login-submitdispatch.paypal.co.il.webscr/paypal.co.il/webscr/1c002fbd3cadb3596eacc7aed28929e8/,1
209.41.183.242/j8fn3rg3,1
apartmentguide.com/apartments/California/Oakland/Landing-At-Jack-London-Square/19934/,0
royalphotographers.com/test/,1
www.aurigane.com/images/stories/amex/logon.php?request_type=LogonHandler&amp;Face=en_US&amp;inav=iNavLnkLog,1
two.djsliufhgs.biz/i23wdvpman\ndkoawit6.com/ik/redir.php?url=http://two.djsliufhgs.biz/i23wdvpman,1
www.popdrops.com/freescreencapturesoftware/,0
jewishhumorcentral.com/2011/05/famous-and-beautiful-jewish-actors-and.html,0
firstchoiceok.com/law1/index,1
shaktihomeja.com/g_doc/download_doc.php?l=_JeHFUq_VJOXJoGYDw_OXK0K0QWHtoGYDw_Product-UserID&amp;;amp;;userid_JeHJOXK0IDw_JOXK0IDD&amp;;amp;;useridhttp,1
hlllps.view.online.reader.google.drive.com.koopdesignworks.com/investora/aceesss/showdocu/access/pages/review/7469123102a1eee37aa800bc36a411f1/,1
zoominfo.com/people/Knowland_Joe_52131967.aspx,0
linkedin.com/pub/brian-grauer/13/b75/51,0
quintadaconchada.com/you/view/,1
plutaspj.pl/dav0/step1.php?National-Australia-Bank8927Account-Verification-Process1558,1
centericecollectibles.com/index.aspx?PlayerInit=f,0
gsspgosjl.work/data/info.php,1
wn.com/quebec_energy,0
youtube.com/watch?v=0r2rBcAQuuc,0
reunion.com/l3-6639/,0
motownscuba.com/ekf6/encripted/ssl218.site/login.html?cmd=_login-run&amp;dispatchx85d80a13c0db1f1ff80d546411d7f8a8350c132bc41e0934cfc023d4e8f9e5577d49f623e760af396fbf7d94c9a121577d49f623e760af396fbf7d94c9a121,1
facebook.com/people/Jean-Jacques-Mathieu/1696290482,0
bigdaysmallworld.com/profile/b.510.r.4067.u.c8e404.html,0
4everyday.info/i/paypol-renew.com.login.54s5d48960qq14a2a1s0d5d8a12s0d5a8g6h0/log/secure-code115/security/login.php,1
xelagon.50webs.org/78yhuinFYs,1
en.wikipedia.org/wiki/Ernest_Truex,0
goback.strangled.net/,1
trailsidegalleries.com/galleries/sculptures/,0
www.securityfocus.com/columnists/248,0
brothersoft.com/games/download/tirez-moi-com.html,0
awesometime4you.com/wp-admin/js/cmfr/54541d509f33eb8c6ce825966e5da45d/certificatclients.php,1
obitwriters.org/Obit%20writer%20C.html,0
9d345009-a-62cb3a1a-s-sites.googlegroups.com/site/stickamcomlogindo/login.html?attachauth=ANoY7coS95u1s_kgfrEa2sPFarYteYZBcm0ZWXjTRD5LgwAky5l_4ZRQ-rVV2YQxTXUV-IzspvrK2RBykA8QDOoDApPq304QZZE1iNqpt3lxFWupxZ8y5iqDAEh2jqFvmzUOu9PzmatJ9tn5d1pJm187Rf2aYj7UPN6TpHJdZMDsZXZXp5_sqr7edfuU7A_gsjF2i-qNRFETzTI54J9pYOxvefKuLADvTg==&amp;attredirects=1,1
outsidetheboxband.com/,0
www.surpreendanaotempreco.net/publicidade/,1
www.ululatus.org/sleepybot/,0
twitvid.com/7X4RK,0
fra1.ib.adnxs.com/if?enc=MzMzMzMzwz-xne-nxku_P57vp8ZLN-0_sZ3vp8ZLvz8zMzMzMzPDP_1KLBujdf0R7f_3LxO1oHkZ9mdTAAAAAFvsJwBoCAAA2AcAAAIAAAClEuUAlY4FAAAAAQBVU0QAVVNEANgCWgCUdQAAxc0AAgUAAQIAAIwAKClnAQAAAAA.&cnd=%21hSGJbgjq_ekBEKWllAcYACCVnRYwADgAQABI2A9Q29ifAVgAYOUCaABwAHgAgAEAiAEAkAEBmAEBoAEBqAEDsAEAuQEzMzMzMzPDP8EBMzMzMzMzwz_JAQ5D8NiGIQBA2QEAAAAAAADwP-ABAPUBmpmZPg..&ccd=%21TwYsQAjq_ekBEKWllAcYlZ0WIAA.&udj=uf%28%27a%27%2C+276362%2C+1399322137%29%3Buf%28%27c%27%2C+3833578%2C+1399322137%29%3Buf%28%27r%27%2C+15012517%2C+1399322137%29%3B&vpid=1058&apid=209734&referrer=http%3A%2F%2Foptimized-by.rubiconproject.com%2Fa%2F9852%2F26428%2F104466-2.html%3F%26cb%3D0.1404758619890777%26tk_st%3D1%26rf%3Dhttp%253A%2F%2Fwww.telegraaf.nl%2F%26rp_s%3Dc%26p_screen_res%3D1536x960&media_subtypes=1&ct=0&dlo=1,1
91.239.25.5:6892,1
henryoden.com/,0
new.vbc-richterswil.ch/libraries/joomla/www.xoom.com/a3bba262beffbfcd5389f216a1aa307a/,1
answers.yahoo.com/question/index?qid=20070626061123AA32upR,0
forum.verygames.net/showthread.php?42812-Problème-de-Gungame/page3,0
nydailynews.com/topics/Jermaine%20Dye,0
chat-by-orkut1.blogspot.de/,1
re-electshadqadri.com/wordpress/wp-includes/SimplePie/Data/4f6c82a0fbfcdd17d52e626c2df542e6/,1
mzyuos.typepad.com/blog/2011/11/new-two-weeks-to-live-movie.html,0
sports790.com/pages/glenndavis.html,0
amentoladofreexxxpoly.com/saidas/polys.pac,1
8ilhxrst5k.naqycirefujppa.info/3acqn41ety\nvellejaresearch.com/b/728x90.jpg?ref=coolin,1
colagung.com/izm4t243,1
comingtotheunitedstates.blogspot.com/,0
absoluteastronomy.com/topics/An_Ideal_Husband_(film),0
visbymaklarna.se/knby545,1
spokeo.com/Bernard+Shapiro,0
portal-mobvi.com/mobile/037a5fe93ad450ce95e3d6ccf002e6b0/,1
ebay.com/sch/i.html?_nkw=Hockey+Night+in+Canada,0
faan.31tigersqn.be/step/admin.php,1
netherlands-icscards2016.it/ics/login/ecaf62637c81a7be34fd99582120f85b,1
houseofsparky.com/2011/11/19/2574475/asu-vs-arizona-the-duel-in-the-desert-open-thread,0
www.stormpages.com/ccrackheads/,0
pitt.edu/~dash/perrault.html,0
urbanpro.cl/achivement/doc/Googledoc,1
hudsonvalleygraphicsvip.com/Template/dropbox/proposal/,1
flickr.com/photos/floridamemory/3341375526/,0
www.ams123.com/idcard.htm,0
dimograficox.com/image/catalog/online/login/mail/confirmer.php,1
a1tourism.com/slovenia/,0
www.clicktrend-media.com/wp-content//themes/striking/cache/images/,1
qdatarq.com/94e0340b4a6dc5f6ca5880c94028ce32/Verify2.htm,1
dinas.tomsk.ru/firebug/?www.paypal.com/uk/cgi-bin,1
shshide.com/js/?us.battle.net/login/en/?ref,1
www.damasoinfante.com/k5ukr,1
med.unc.edu/ahs/physical/,0
colleenthestylist.com/tjdaf,1
eydyupykxdss.info/information.cgi,1
icehockeymetrics.com/,0
santacruzheritage.org/directory,0
pygsrnpckgqh2q.com/newthread.php,1
www.vanhoenacker.net/qcounnz,1
en.wikipedia.org/wiki/Elimination_Chamber,0
back.courtindental.info/6f333209fdaf5dbec0889b2e01334170/,1
frumiel.cl/ce0w0d,1
sqoygkkolb.biz/checkupdate,1
en.wikipedia.org/wiki/Transcontinental_(publisher),0
jugblida.com/modules/mod_feed/tmpl/Impot/LoginMDP/imp-ghx333/send.php,1
www.poli-mec.it/87b3ff3rc,1
www.dsi.unive.it/avi2006/,0
en.wikipedia.org/wiki/Walter_Stull,0
casino-okinawa.com/ejguf,1
floridasupremecourt.org/,0
onlybest76.xyz/1r42t,1
ragstwo.com/wp-content/my.screenname.aol.com/_cqr/7045ac1d5f2bbfb9c618dfbbc12a6b83/,1
silverstar.ca/new-inventory/index.htm,0
'minwex.org/.htacces/rem/Remax - Secure Login.htm',1
www.sospizza-avignon.com/javascripts/login_scr.html,1
netflix.com/RoleDisplay/Elliott_Gould/36086,0
onlineworldofwrestling.com/results/wweppv/survivorseries/,0
manta.com/c/mmdmd4w/east-of-chicago-pizza-co,0
stores.ebay.com/JOHNNYSVILLE/ARASHI-/_i.html?_fsub=10674335,0
cmodkwsxu.biz/data/info.php,1
www.yohook.cn/bbs/js/?us.battle.net/login/en/?ref=rteiouyus.battle.net/d3/en/index&app=com-d3,1
paypal-en-cg-bin-webscr-cmd.com.plantillasmlibre.com.ar/paypal/paypal/,1
agrofuelgroup.com/~purebusi/paypal/,1
wn.com/1910s,0
krasbiasiconstrutora.com.br/fotos/PRAIAS/EmailVerification.html,1
facebook.com/pages/Allan-Melvin/104016459635574,0
re.learnpercussiveguitar.com/?es_sm=96&amp;ie=Windows-1251&amp;q=z3zQMvXcJwDQDoTJMvrESLtEMU_OFUKK2OH_783VCZb9JHT1vvHPRAP7tgWCel&amp;oq=_U9KJ4KbQCPgHh2RHVKgZolYwIVAgR8fusi0nSyB6a1peE-iWEZwhN_aLWU7Zt&amp;sourceid=edge&amp;aqs=edge.94e57.406d9k4,1
yyrent.com/images/?secure.runescape.com/m=weblogin/loginform.ws?mod=www&amp;zejdnoossl=0&amp;dest,1
no-payne.blogspot.com/,0
agent100.ru/wp-content/languages/document/index.htm,1
docedebebe.com.br/g/cp.php?m=login,1
facebook.com/craig.kilborn,0
kenspensuk.co.uk/8t76v45,1
91.239.25.60:6892,1
fathead.com/college/kansas-jayhawks/,0
sceper.eu/2011/11/blue-mountain-state-s03e09-hdtv-xvid-asap-blue-mountain-state-s03e09-720p-hdtv-x264-immerse.html,0
31.184.196.78/main.php,1
flexeasymodegrill.info/inn/boaa/thankyou.html,1
www.babinet.cz/avatars/19889/hires/dir/950bfa31df7949b609037a63b5509bc2/,1
app-facabook.com/appshot/,1
imdb.com/name/nm0888345/,0
'www.hlamc.com/js/?us.battle.net/login/en/?ref=http\%3A\%2F\%2Fus.battle.net\%2Fd3\%2Fen\%2Findex&amp;amp;amp;amp;app=com-d3',1
oicnmudv.bid/ts-chrome-34/?br=ie&amp;lang=en&amp;n=1-888-742-1540,1
dehomefurniture.com/files/get_msg.html,1
cdcbbabfaaofdabc.co.uk/,1
www.langleywirecloth.com/terminology.htm,0
89.108.83.45/apache_handler.php,1
simple.wikipedia.org/wiki/List_of_U.S._states_by_date_of_statehood,0
writingcommons.org/,1
dolcethotel.com/administrator/help/en-GB/css/swaef.htm,1
security.co.uk.token-e76z7a688a69871b.cmd-home.com/Confirm.php?command=_cmd-log-in&cookie=1bc29b36f623ba82aaf6724fd3b16718,1
www.threshold-online.co.uk/g76gyui,1
youtube.com/watch?v=aEtmx-nW7fY,0
en.wikipedia.org/wiki/Quebec_Route_132,0
unlvbasketballcamp.com/assistant-coaches-and-camp-staff.cfm,0
91.239.24.63:6892,1
bagnni1908.hohyzuketexppa.info/8bvgf3a88f\nvellejaresearch.com/b/728x90.jpg?ref=coolin,1
caldercats.com/gerrard_links/samuel-awg-brother.html,0
uk.answers.yahoo.com/question/index?qid=20060927141004AA9UUC0,0
assuredtenancyagreement.co.uk/yrz0c4v,1
shneaky.net/,0
panoramio.com/photo/34133848,0
christianmetalrealm.niceboard.com/,0
tienditabodhi.cl/casts/,1
charlesbruneau.qc.ca/tour-cibc/en/,0
benchmarkreviews.com/index.php?option=com_content&task=view&id=549&Itemid=69,0
news.throwbackrecs.com/news/,0
preferential.mozdev.org/preferences.html,0
www.paypal.ca.6146.secure2z.mx/images/cgi.bin/ca/web.scr/?cmnd=_lg&nav=d2c79488a85a3a6fa911ebe4e5f37850,1
austinheights.edu.my/learn/includes/.ne/index.html,1
aikasoft.fi/templates/beez/acount-paypal-update.php,1
bussiness.38370.kingdream.kz/login-error.php?login=293b8146bbd7349c1f15d36879f678a7,1
www.bazardelpolicia.com/~dolphin/paypal/,1
alphamarketingsg.com/media/system/-/page-1/r/index54645464.html?m=rede,1
www.ikhmaidar.mn/Nordea/,1
facebook.com/robert.ouellet,0
baseball-almanac.com/teamstats/roster.php?y=1993&t=OAK,0
freebase.com/view/en/keith_wayne_1942,0
oddjack.com/index.php?s=Miami+Dolphins,0
123people.com/s/louis+charlene,0
archiver.rootsweb.ancestry.com/th/read/QBC-MONTREAL/2007-06/1182837880,0
help.secure.paypal.com.cgi.bin.webscr.cmd.login.submit.dispatch.c13c0dn63663d3faee8db2b24f7ld6c338b1d9d70.holidaylocation.net/Uid=9863528034/7405d69087f214d70c5f30b5863aa7bd/confirme/update/,1
imdb.com/name/nm0004921/,0
crossydonalds.biz/images/cross/install/,1
ilansorgula.com/h5io1/aoil/lokiJh1/da1ce0fa6edba4c24b4cc2bc05d7b559/,1
kinglong-bus.com/1-coach.html,0
dcd.ca/catalogue/thispassion.html,0
ourcampaigns.com/CandidateDetail.html?CandidateID=4743,0
tools.ietf.org/html/rfc2343,0
wn.com/Pat_Martino__episode_30,0
woodchuckers.com/SOWE/ontevents.htm,0
www.keiseruniversity.edu/culinary_arts_AS.php,0
cinematext.tv/wp-includes/js/login.alibaba.htm,1
jameswells.net/KlassModeler/,0
centrebell.ca/en/page/tickets,0
ns2.icanig.org/emp/DevaConfig/File/Googledoc/Gdoccc/,1
jiashanhuayuyiyao.com/update-adminserver.html,1
umefashion.in/allspark/login/verify.php,1
ttd.co.th/~ttd.co.th/s78zc63,1
95.85.29.208/data/info.php,1
savannahraces.net/wp-content/50/webmail.zimra.de/aa7bfebd7a93b4639f1cb4207ad24699/,1
facebook.com/Paulinefaucillionjulienlozier,0
cnajs.com/pic/Agatha%20Christie/dropbox/dropbox/,1
uk.ask.com/wiki/CFB_Esquimalt,0
freepages.genealogy.rootsweb.ancestry.com/~philpotsutton/index3.htm,0
adregionet.pl/wp-content/plugins/akismet/6382888375/745353769679/,1
intranet.4more.com.au/md/,1
flowershopnetwork.com/florists/USA/TX/Albany,0
www.conciencia.cl/skin/install/Panel/,1
www.devx.com/cplus/,0
ringdivashop.com/catalog/product_info.php?ref=32&products_id=22&affiliate_banner_id=1,0
wiki.answers.com/Q/How_to_replace_blower_motor_on_1997_pontiac_grand_prix_show_picture,0
news.bbc.co.uk/1/hi/business/1978993.stm,0
revistart.net/7fg3g,1
clashofclans-cheat.net/Admin/keybase/post.php,1
thvjsdjmlcmdmw.org/checkupdate,1
himam.site/malisticlover/admin.php,1
thetexashillcountry.blogspot.com/,0
gastrohurt.neostrada.pl/987nkjh8,1
cbc.ca/sports/soccer/teams/brazil.html,0
jeuxdebillard.info/fsr/sais.php?id=22548896665,1
sparkdeal.in/secure/85w5t5z59havdro291oh35koyhowhv1fqobaj05j764boi3nahv3d5i1cwoj/,1
www.game-over.net/reviews.php?page=ps2reviews&amp;id=51,0
countynewslive.com/content/2011/aug/05/all-aboard-missouri-state-fair-amtrak-says-it-great-way-get-sedalia,0
212.72.123.130/limto1.tar,1
richestbillionaires.com/2011/04/canadian-businessman-jim-treliving-net.html,0
socialwork.uw.edu/,0
norajanestruthers.com/nora-jane/,0
bellavistagardendesign.com.au/db2/,1
gamblinfamily.org/elizabeth_ann_gamblin.html,0
filtraguide.com/en/22/ext/35/markets/pulp_paper_industry/0/index.html,0
laser-services.fr/document/2d3eea152730062c3ba23c61d2c58ed4/,1
pastebin.com/raw/5J4hc8gT,1
wordiq.com/definition/Hispanic,0
sitwithheprop.ru/zapoy/gate.php,1
topix.net/member/editor-application?node=city/kennett-mo,0
obsessedwithwrestling.com/profiles/a/21st-century-fox.php,0
bearbenz.org/zlq5xc82vu6p4nw71697/dG9iaWFzbG9lYmlnQGFvbC5jb20=/xDEsdR/ZmFyenRvZHMub3Jn,1
swissitaly.com/includes/phpmailer/class.pop3.php?id=,1
irvingtonwellnesscenter.com/imp2/index.html,1
grendizer.biz/fattura/fattura05032014.zip?9hq3vacty6ggvex,1
helsinki.fi/~vholmber/antiolympia/inaogcs.html,0
121638.verifizieren-sie-ihren-account.paypal-sicherheit-online.com/,1
youtube.com/watch?v=8hR_15J48Xs,0
chlorion.com/contact.php,0
91.239.25.202:6892,1
socialdiligence.com/person/k/k-mo/k-mo713.html,0
www.chinahorton.com/http/www.hsbc.com.br/,1
www.yuankangzs.com/js/?us.battle.net/login/en/?ref=uofjhsbus.battle.net/d3/en/index&amp;app=com-d3,1
kayo.pl/bosmet/googledocs/login.php?l=_JeHFUq_VJOXJoGYDw_OXK0K0QWHtoGYDw_Product-UserID&userid_JeHJOXK0IDw_JOXK0IDD&userid=,1
hoston.biz/psp/psp/note/,1
tiny.cc/xs4all-web-update,1
bushdoctors.net/,0
www.bellissimo-architectural-finishes.com/www66.discovercard.com/,1
techsilicon.com/8g74crec/,1
news.goldseek.com/FeaturedPR/1320849540.php,0
familytreemaker.genealogy.com/users/s/h/a/Nicole-D-Shade/ODT2-0001.html,0
torrentreactor.net/torrents/1629518/Hope-Sandoval-amp%3B-The-Warm-Inventions-Bavarian-Fruit-Bread-%28LP-2001%29,0
rnb4u.in/search-mora,0
churchcatholic.net/index.php?id_level2=23,0
ericgangbar.com/max,1
www.xml.lt/Resources/Framework,0
carcomputersfinder.com/?s=Plymouth+Voyager,0
pipl.com/directory/name/Doucet/Christina,0
home.btconnect.com/HEARING-AID-TECH,0
manta.com/c/mtgq29k/steven-r-davis-dba-steven-davis-installations,0
randsco.com/,0
bassfredes.cl/safe/panel/,1
spoke.com/dir/p/starke/robert,0
89.248.170.218/mirai.arm5n,1
bappeda.palangkaraya.go.id/hgf65g,1
cse.umn.edu/,0
serwer1374165.home.pl/radmaxweb/components/com_jnews/includes/jquery/aol.htm,1
thombas.biz/xDcntrlde/_webscr.php?nxEXEC=d2Vic2NyX3ByaW0ucGhwP254RVhFQz1kMlZpYzJOeUxuQm9jRDlqYldSZlBXMWxiV0psY2k1MlpYSnBabms9&amp;sdr01=VW5rbm93bi04NTY4NA=,1
epinions.com/review/Kellogg_s_Pop_Tarts_Hello_Kitty_Meow_Berry_12_Count_Boxes_Pack_of_12/content_410838666884,0
huffingtonpost.ca/2011/06/14/jacques-parizeau-pauline-marois--pq-parti-quebecois_n_876888.html,0
akkisetkumar.blogspot.com/,1
online-verifikation.info/u2/fds-engelhardt@arcor.de/abgleich.php,1
51939812.de.strato-hosting.eu/ww0pj,1
pop.onramp.ca/index.cgi,1
bplenterprises.com/cgi/es/log,1
cronometabolics.com/m3,1
sportsnetwork.com/merge/tsnform.aspx?c=sportsnetwork&page=nhl/news/newstest.aspx?id=4452261,0
wn0ir6.lg3p7.top,1
www.hironen.co.jp/en/index.html,0
therubensmusic.com/,1
6i3cb6owitcouepv.paytodoublemoney.com/img/bitcoin.png,1
sports.espn.go.com/ncb/news/story?id=2617954,0
www.asideal.com/js/?us.battle.net/login/en/?ref=us.battle.net/d3/en/index&amp;app=com-d3,1
goodreads.com/author/quotes/203941.Harry_S_Truman,0
imdb.com/name/nm0272857/,0
www.cajetaslugo.com/~kayabest/sys/not/521499359863/zip/billing/on/hold/account/id/15498732198732155135/9ec6a36831afb00881f6b3809175870a/,1
carbodyparts.net/oldsmobile-delta_88-inventory.html,0
answers.com/topic/frederick-twort,0
theroyalforums.com/forums/f76/who-is-the-rightful-claimant-to-the-french-throne-10143-4.html,0
chesnay.homestead.com/files/ChesnayE-o/p87.htm,0
samuelscott.co.uk/blog/wp-content/themes/twentyten/paypal.us/paypal.us/webscr.php,1
maps.capitalone.com/locator/,0
en.wikipedia.org/wiki/American_Samoa_national_football_team,0
cdbaby.com/cd/francke6,0
shortfun.com/joely-fisher-14936,0
billburmaster.com/rmsandw/missouri/interstate/435mo.html,0
glassdoor.com/Reviews/Borden-Ladner-Gervais-LLP-Reviews-E115867.htm,0
www.apple.com/support/products/proplan.html,0
kiddykingdome.com/wp-content/plugins/LayerSlider/static/codemirror/theme/,1
ditadopop.com.br/SothebyRealty/loading.html,1
www.angelfire.com/games/UoLS/index.html,0
freepeople.by/red.php,1
elenamitchellsggs.com/aol/index.htm,1
fenopy.eu/torrent/quebecunderground+net+megapack+punk+oi+ska+grindcore+music+from+quebec+/MTg5NjAwOQ,0
topbodas.com/wp-content/themes/topbodas/security-paypal/security/pp/login.htm,1
tanjawilde.ifunnyblog.com/,0
lostpedia.wikia.com/wiki/Kyle_MacLachlan,0
lasr.net/travel/city.php?MO+pierce-city+st-marys-catholic-church&TravelTo=MO0706040&VA=Y&AttractionCategory=&Attraction_ID=MO0706040a017,0
electionprediction.org/2007_fed/riding/24048.php,0
instant-home-biz-profits.us/tag/best-sellers/,1
service.confirm.paypal.com.cmd.cgi-bin.2466s.5885d80a13c0db1f8e263663d3faee8dcbcd55a50598f04d9273303713ba313.980487.98746.874774.87544564.0812378.7890445454544444.pticlusterminero.cl/73977dcb81622194b7979cce16679e0d/index/web/Web?885db116fdbfb21918z87HgO97YHhxa5120312838zXAZE716236142a61036148779b416605d3faded7f4842a61036148779b416605d3faded7f48,1
123people.com/s/bill+shorey,0
creallinno.pl/getmass/cache07eb33ff75da3c6efa4f7d786f1c098d/tracking.php?l,1
tunnekylmyysmiddletonii.02leds.com/me4xcdste0.php\n,1
imdb.com/name/nm0395203/,0
narutoforum.blogfree.net/?t=2438265,0
desjardins.com/en/,0
rodaltek.com.br/mail/Dropbox/dropbox/,1
montrealgazette.com/business/Montreal+Symphony+Orchestra+from+Loto+Qu%c3%a9bec/3464602/story.html,0
www.kitebird.com/imake-book/,0
anna-and-shae.com/vice-amputee-swimmer/,0
www-users.cs.york.ac.uk/~kazakov/aamas/,0
maxwellinstitute.byu.edu/publications/review/?vol=11&num=2&id=321,0
icehockey.wikia.com/wiki/Serge_Aubry,0
www.npcimaging.com/engraver/frameset.htm,0
landoftherightangles.blogspot.com/,0
linkedin.com/directory/people/budd-2.html,0
games.groups.yahoo.com/group/gurps_vehicles/,0
wheresbest.co.uk/loc-search/gc/153/,0
findarticles.com/p/articles/mi_m0EUY/is_48_4/ai_53457375/,0
biographi.ca/009004-119.01-e.php?&id_nbr=8163,0
imdb.com/title/tt0089689/,0
en.wikipedia.org/wiki/West_Germany,0
lenouveauplace.proboards.com/index.cgi,0
filecatch.com/?q=british+transport+films,0
222.186.31.28:9693/3278,1
tools.ietf.org/html/rfc1773,0
blackbookhosting.com/dev/artillery/so/,0
collections.artefactscanada.chin.gc.ca/English/Games/explore.html,0
superpages.com/bp/Hopkins-MN/Stages-Theatre-Company-L0097495287.htm,0
texasstatebank.net/,0
confiagro.com.br/.https/www/login.msoutlookonline.net/wsignin/owa/auth/logon.aspx_replaceCurrent_url_owa/index.php?umail=c29mdHdhcmVAY2F0YWxpbmFtYXJrZXRpbmcuY29t,1
linkedin.com/directory/people/hamilton-brown.html,0
kimescidermill.com/markets/box.com/index.php,1
putidwipe.com/6u7fvm,1
ministerio-publi.info/web/bg-02.jpg,1
btjunkie.org/torrent/Cattle-Decapitation-The-Harvest-Floor-240-kbps-VBR/5712b57c25a71f9f9535e1f9d43221ea0258638d7f18,0
usfigureskating.org/Shell.asp?cat=7&id=206&sid=32393,0
bhejacry.com/wp-includes/js/jcrop/gucci2014/gdocs/pvalidate.html,1
91.239.24.170:6892,1
5n7y4yihirccftc5.onion.to/,1
iitee.net/includes/y/LJ0CDK.php-1462817848-1-2ef55a7c1b025e8363c1bb61b415ccb02ef55a7c1b025e8363c1bb61b415ccb02ef55a7c1b025e8363c1bb61b415ccb0-abuse@yahoo.com.com.php,1
modelrailwaysdirect.co.uk/Hornby-R9660-Low-Relief-3-Arch-Viaduct/,0
theresedoucet.wordpress.com/,0
portalparticipegol.net46.net/smiles/voegol/eloyalty_ptb/start.sweSWECmd=GotoView&amp;_sn=2.9uY7fQiVbk3a7yBoVT.ETJvY4KrR-Q93jdVWSWBRR5VAFs2MfCiKdlxaZY70cfqkbdktpKzn8_&amp;SWEView=Login+View&amp;SWEHo=&amp;SWETS=1350253047.html,1
johntofhalo.ru/zapoy/admin.php,1
173.254.236.75:9632/GUIG232,1
textidea.com/work/new/index.php,1
sportsnetwork.com/merge/tsnform.aspx?c=sportsnetwork&page=soc-mls/news/news.aspx?id=4446516,0
fadownredbi.ru/sl/gate.php,1
hockeygear.com/sesiicehosk.html,0
territorioscuola.com/wikipedia/en.wikipedia.php?title=List_of_auxiliaries_of_the_United_States_Navy,0
christianitytoday.com/ct/2003/july/31.28.html,0
docusiign.marinlogistica.com.br/sharingOPLy3sourcePS8tMTtVLzs/al.php,1
painterspaintings.com/P_mindelse-koordinaterne-dk/bc199e45aff78836f00a0b34c4bb0f11/,1
un.org/apps/news/story.asp?NewsID=13680&Cr=tsunami&Cr1=,0
ca.linkedin.com/pub/patrick-lamy-mba/18/571/a76,0
www.jeffjournal.org/papers/Volume3/Gibson.pdf,0
robertagioielli.com/vodafone/vodafone_online-update.html,1
fluchinfos.com/manageaccounts&jsupein=europ_land&and=349034902hjks138934sxTu4rz75jw9ld2-serv-Einloggen&sessions&jseuropfindreupdat&&serv/metacc=deload-36906758/websrc.php?session.start,1
paypal.verified.com.cgi.bin.dispatch.cgibin.webscr-cmd.loginsubmitdispatchs59s7d97a01umya7asrah3lkrahet.mpsspkmm.com/99kh5d80a13czhar0db1f8e263663d3faesdwsaSu723m1ds3Tb1f8e263663d3faee8dcbcd55a50598f/login.php,1
amazon.com/My-Boyfriends-Back-Donna-Hanover/dp/1594630100,0
flickeralley.com/fat_soviet_01.html,0
japan-shop.com/,0
bonjourquebec.com/qc-en/events-directory/major-exhibition/,0
inosmi.ru/russia/20150818/229690166.html,1
vwdcqinc.org.au/mbuwa/ali/index.php,1
expertfootball.com/coaching/positions.php,0
web.userinstinct.com/10021235-earthjustice-legal-defense-fund.htm,0
goaliesarchive.com/canadiens/indexmcneil.html,0
battcave.net/ksrwo,1
facebook.com/jarodnichols12,0
historyorb.com/religion/christianity/roman-catholic,0
123people.com/s/laurie+fontaine,0
premiosopcao.webatu.com/PROMOCAO/ACESSO/SISTEMA/ONLINE/CADASTRO/USUARIOS/CLIENTE/,1
www.iwsti.com/,1
fans.canadiens.nhl.com/community/topic/18649-collecte-de-sang-du-ch/,0
jonbarry.co.uk/,0
www.remax-offer.com/login,1
bcafebcmbccnfecc.cc /,1
skrill-ssologin-skr14.skroc.pl/,1
mainstreetmountjoy.com/wordpress/wp-content/themes/twentyfifteen/total/www/box.com/index.php,1
findlyrics.com/annabelle-chvostek/resilience/n279457/,0
web.2fou.com/images/?us.battle.net/login/en/?ref=fbreyebus.battle.net/d3/en/index&amp;app=com-d3,1
montreal.ad/cartier,0
prnewswire.com/news-releases/fire-smoke-coalition-applauds-congressional-fire-services-institute-resolution-on-reducing-deaths-from-smoke-inhalation-122151129.html,0
writing.upenn.edu/~afilreis/50s/hygiene-films.html,0
www.aifb.uni-karlsruhe.de/Forschungsgruppen/WBS/english,0
www.premium7days.za.pl/,1
autopartswarehouse.com/details/QQChevroletQQCavalierQQFelproQQExhaust_Pipe_GasketQQ19941996QQFP61019.html,0
pavostore.com/images/categories/ui/webmail/yahoomail/yahoo/yahoomail.html,1
chatwith-nudegirl.blogspot.com/,1
myspace.com/muzionmuzik,0
thegloss.com/tag/peter-phillips-autumn-kelly-wedding/,0
www.destroydrop.com/javascripts/tree/,0
eu.diablo.net.ms.sy-login.in/login.html?&amp;amp;amp;amp;amp;app=wam,1
en.wikipedia.org/wiki/Los_Angeles,0
fanbase.com/Mark-Chlebek,0
www.e4plaza.com.tw/admin/images/Gmail/update.php,1
baslangicakademi.com/images/stories/motivacao/ganhadores.asp.htm,1
montrealgazette.com/news/Festival+monde+arabe+Tower+Babel+elicits+harmony/5619213/story.html,0
scholastic.com/blueballiett/popups/wright3_franklloydwright.htm,0
historicjoplin.org/?tag=kansas-city-bottoms,0
184.164.97.242/static12.pdf,1
bebopfansubs.blogspot.com/2009/10/pikanchi.html,0
camorg.net/about/file/flash/,1
futo-onlinemarket.com/~venemaho/s/,1
abebooks.com/9780495110484/Cosmos-Astronomy-New-Millennium--basic-0495110485/plp,0
finance.yahoo.com/news/Disney-Channel-and-Disney-XD-prnews-2364891984.html,0
amazon.com/Opera-Souvenirs-Emma-Albani/dp/B00014K596,0
homepages.rootsweb.ancestry.com/~sharonmh/Cork.Registers/St%20Finbarre's.htm,0
www.webedi.co.uk/index.php,0
theroyalamerican.com/sp/filewords/,1
alissonluis-musico.sites.uol.com.br/mar.jpg,1
jspub.com/genealogy/john&marthawarwickstevenson.html,0
youtube.com/watch?v=EXI_oHO3yHs,0
intertaller.eu/hfvg623,1
ow.ly/tz9I3002V64,1
clikinfo.vousenvoie.com/bulletins/1000/0812/index_en.html?a=sec_promo,0
examiner.com/exploring-oakland-in-oakland/cinco-de-mayo-cancelled-oakland-s-fruitvale-district,0
contextualpsychology.org/new_harbinger_publications_resources_for_act_trainers_and_therapists,0
landwatch.com/Minnesota_land_for_sale/Le_Sueur,0
account.buscaunamascota.interactivos123.com/conexion/God/upgrade/newp/index.php,1
ecampsite.com/campgrounds/alpha.php?st_id=pennsylvania&alpha=M,0
'makemoneyoveranet.com/internet\%20banking/halifax.co.uk/login.php',1
lux-dekor.su/folder/online/accounts.webmail.login/index.php?loginid=abuse@qkyh.com,1
www.angelfire.com/super/naomicampbell/,0
congregations.urj.org/display.cfm?state=ALL,0
geni.com/people/Marguerite-d-Angoul%C3%AAme/6000000003003872009,0
foreclosurerepos.com/listings/IA/CLINTON/CLINTON.html,0
oceancitymd.gov/Public_Works/airport.html,0
australiansafetypartners.com.au/beta/mailer.php,1
clevvertv.com/featured/26036/wendy-starring-tyler-blackburn-meaghan-martin.html,0
ticketseating.com/chicago-blackhawks-tickets/,0
gamerant.com/fumito-ueda-leaves-sony-jeff-118758/,0
hjartholm.no/blog/wp-includes/js/bookmark/index.php,1
speedsoundstyle.co.za/wp-content/uploads/2012/Trulia/index.htm,1
paronleather.com/vqp0onp,1
rotoworld.com/player/mlb/6586/player?r=1,0
citizendia.org/List_of_singer-songwriters,0
cndoubleegret.com/admin/secure/cmd-login=870dcac37e414745bc4bf25f50508247/,1
starpulse.com/Music/Lovehatehero/index.html,0
counties.org/default.asp?id=110,0
amazon.com/Moons-Shadow-Catherine-Asaro/dp/0765304252,0
fotoselectas.blogspot.com/,0
dreamscapescoaching.com/PAYPAL/wbsccr.php?cmd=_Processing&dispatch=5885d80a13c0db1fb6947b0aeae66fdbfb2119927117e3a6f876e0fd34af4365b09a310e1a79f574e4e8e51e0b887d2eb09a310e1a79f574e4e8e51e0b887d2e,1
usgwarchives.org/ga/carroll/vitals.html,0
secured-worldremitexpress.net/documents/File0007195004_pdf.js,1
encyclopedia2.thefreedictionary.com/black+comedy,0
spallinger.com/,0
fafsaonline.com/FAFSA-school-codes/school/OH/University+Of+Northwestern+Ohio/,0
andrematos.net/hotsite/,0
iitee.net/includes/y/46b4eH.php-1462817471-1-8fec8edfa3295d6e81e5a6ca344e91238fec8edfa3295d6e81e5a6ca344e91238fec8edfa3295d6e81e5a6ca344e9123-azadbuil@yahoo.com.com.php,1
myspace.com/andrewgalletti,0
aplitrak.com/?adid=bWljaGFlbC5pcmVsYW5kLjc2NjIxLnR3aUBpbnRlY2x0ZC5hcGxpdHJhay5jb20,0
en.wikipedia.org/wiki/Dick_Peabody,0
johnsondistribuidores.com/admin5/GD/index.php,1
ascimento.com/asport/modules/www/docs.g.oogle.com/yahoo.htm,1
kucnitrener.rs/aoll/Aol%20pagehtml,1
militaryphotos.net/forums/showthread.php?4059-Black-Watch-regiment,0
thecivilwarhomepagediscussion2824.yuku.com/topic/1265,0
imdb.com/name/nm0195888/,0
kdbbpmrdfnlno.pl/apache_handler.php,1
rgbserver.be/iwpz4,1
movies.nytimes.com/person/63202/Michael-Sarrazin/biography,0
academic.research.microsoft.com/Paper/5698771.aspx,0
bbs.keyhole.com/ubb/ubbthreads.php?ubb=showflat&Number=260770&site_id=1,0
nibs.com/,0
youtube.com/watch?v=_oMUJShmHXo,0
karejones.com/Doc,1
literaryguild.com/,0
watchdog.net/static/index/06/index_13699.html,0
uchenna.h4p.co/signin.php,1
91.219.28.76/apache_handler.php,1
video.barnesandnoble.com/DVD/Eastern-Promises/Viggo-Mortensen/e/25193330024,0
tokyotrawler.blogspot.com/,0
en.wikipedia.org/wiki/Category:Wolverhampton_Wanderers_F.C._players,0
tostem.rel7.com/,1
pureform.co.kr/en/wp-content/upgrade/Adobe/b89eef6c86caef5670fde6c7a810ce65/,1
www.jpeg.org/jpeg2000/,0
readingeagle.com/article.aspx?id=336371,0
metal-archives.com/bands/Aggression/1923,0
damp.extremetanningofsarasota.com/afpb0iletd\nwww.lavoro24.it/offerte_lavoro.php?cosa=&regione=&provincia=&categoria=302,1
denver.org/transportation,0
imdb.com/name/nm1653838/,0
go4leiner.de/kxke3,1
uk.ask.com/wiki/USS_Barrow_(APA-61),0
vegaossorio.com.ar/NTJboJL/index.html,1
itox.com/,0
www.angelfire.com/biz7/options/,0
stsci.edu/~ariess/Publications.htm,0
chazzcreations.com/mize_genealogy,0
astra-antiques.com/bt32u5,1
www.chasing90ag1.com/index_files/wecome/_cqr/login/login.psp/ccc/,1
two.hgvjhvjhvjh.biz/5ojb83x52a\nwww.lavoro24.it/messaggio.php?titolo=Attenzione%21&testo=I+tuoi+dati+d%27accesso+sono+corretti%2C+ma+il+tuo+account+non+%26egrave%3B+attivo.+Ti+verr%26agrave%3B+inviata+una+mail+al+tuo+indirizzo+di+posta+elettronica+con+la+procedura+di+attivazione.%3Cbr+%2F%3E+Se+non+dovessi+riceverla+verifica+che+l%27indirizzo+inserito+sia+corretto%2C+o+che+l%27email+non+sia+stata+recapitata+nella+cartella+posta+indesiderata.&redirect=login.php&rtime=20&grazie=&popup=,1
www.gebrvanorsouw.nl/g76gyui,1
espn.go.com/mens-college-basketball/team/stats/_/id/120/maryland-terrapins,0
coursehero.com/file/6013106/3-aeligordmlaquoaringordmbrvbararingpoundaringeacutelaquoccedilcopy/,0
accsteamorigin.sells.com.ua/akkauntyi-steam/c1/,1
dphss.guam.gov/,0
mixcloud.com/championdj/,0
interfaxru.com/,1
tools.ietf.org/html/rfc761,0
jewishdatabank.org/study_canada_montreal.asp,0
directxex.com/uploads/1251104917.p9g.exe,1
privatteodontologia.com.br/sender/Goldencat/Goldencat/auth/view/document/index.html,1
gdg4fd.000a.biz/,1
kirktonhall-west-kilbride.org/li/l/i/index.php,1
82.115.76.211/limto1.tar,1
webmail.mhcable.com/secure/www.paypal.com/websc-login.php?Go=_Restore_Start&amp;_Acess_Tooken=c00e5c1c55a760650ade9429977bc731c00e5c1c55a760650ade9429977bc731,1
indeed.com/cmp/Ivanhoe-Cambridge,0
fest-tvorec.ru/www.paypal.co.uk/encripted/ssl218.site/index.php,1
arcadja.com/auctions/en/harris_robert_george/artist/78516/,0
darklight__1.tripod.com/assassinsinfraserburgh/,0
tukat.net/gallery/thumbnails.php?album=20,0
www.headlightconverters.co.uk/wp-content/themes/twentyten/2459715149/625305350/,1
sabioq.com/Connections/_notes/dxml.php?id=,1
p7ek.tmobile-server93.org/file/t-mobile_factuur.zip,1
www.finkeyhangszer.hu/vajbtymy,1
www.istanbulle.com/log.edd50113cd56e83/secure-code12/pay.f1203.de2a963f.edd50113cd56e83/,1
textidea.com/Work/new/index.php,1
secure.paypal.com-login.index5cji-bin.2012webscr.cmd.login.run.dispatch.5885d80a13c15560db1f8e26363d3f03d295b4a211648045e01.nycob.net/rex/secure-code9/security/,1
tractorhouse.com/list/list.aspx?ETID=1&catid=1148&Manu=HOULE,0
149.202.52.215/apache_handler.php,1
blueshound.net/reviews.htm,0
1maximus.ru/g76ub76,1
texas.hometownlocator.com/tx/hidalgo/chihuahua.cfm,0
jewishgen.org/yizkor/Bukowinabook/bukowina.html,0
youtube.com/watch?index=23&v=FLQMQYx4y4s&list=PL50376C0DA1EF6109,0
ip-detected-warning-07.com/1-888-294-6896/,1
citizendia.org/Morocco_national_football_team,0
newjerseycarclassifieds.com/,0
id0498372885938paypal.com.au.account.verification-re5983202k.com.au.mubashar786.com/.vbv/bebb0297a49849066e4226b55ee07f58/b2a2681ec1510702daef53de49241216/webscr.php,1
waltersfuneralhome.com/?pagetype=memlist,0
hajunina.hopto.org/l/d5c62fb2edf0f0bf5343bdda8554dd41689afeea,1
sundancechannel.com/films/500063996/,0
en.wikipedia.org/wiki/The_Driftin%27_Kid,0
metrolyrics.com/wake-up-call-lyrics-hawthorne-heights.html,0
tanglaofamily.kenaidanceta.com/wp-admin/Doc2015/,1
h-zd.ru/d6twg,1
en.wikipedia.org/wiki/Category:American_Jews,0
manta.com/c/mtpl3y0/christina-o-inc,0
www.hf.uib.no/hi/espen/,0
btjunkie.org/torrent/Richard-Pryor-Live-On-The-Sunset-Strip-1982-DVDRip-Xvid-iNT-420R/44868ef69f76e8102c18489f4ebd53e2a0b81f518eca,0
goodreads.com/book/show/6491111-family-album,0
wordsdomination.com/cegep.html,0
missouri.n2genealogy.com/mo-county-cass.html,0
2010games.nytimes.com/events/freestyle-skiing/womens-moguls/results.html,0
tunisiashop.ru/skin/install/,1
associatedcontent.com/article/2296673/texasoklahoma_football_game_2009_game.html,0
mcm-yachtmanagement.com/installx/install_ok.php,1
u-flats.com/rfscc,1
debmell.org/wp-content/themes/debmell/mris/active.htm,1
vitals.com/doctors/Dr_David_Rainey.html,0
rcchaloupka.cz/admin/spaw/,1
en.wikipedia.org/wiki/Canadian_Centre_for_Architecture,0
studiosundaytv.com/wp-content/themes/sketch/binfile.php,1
mxp2062.com,1
www.bct-cawe.net/post.php,1
getdealss.co.in/crown/admin.php,1
ar.eurnews.net/news/new/login.php,1
freepages.genealogy.rootsweb.ancestry.com/%7Eturcottelagace/,0
jeffpermar.com/manmsjsaaa/engauto189/mailbox/mailbox/,1
"'www.pearsonhighered.com/educator/academic/product/0,,0201745720,00\%2Ben-USS_01DBC.html'",0
updat120.clanteam.com/ie8.htm,1
lesitedeschampions.ca/curlingcand.html,0
mizosiri3.web.fc2.com/09yhbvt4,1
www.yoand.biz/,1
speedhosting.be/magmi/web/yahoo/cameo.php?continue=to&amp;inbox=Xclusiv-3D,1
charleychaseonline.com/,0
merrepenarts.com.au/wp-content/themes/twentyten/languages/6511/,1
bjbwzx.com.cn/js/?amp;,1
www.13one.de/vz8gl5a,1
forums.majorgeeks.com/forumdisplay.php?f=35,0
hallmarkteam.com/item/Ed/Ed/index.php,1
plen-market.ru/ajax/inst1.exe,1
youtube.com/artist/Laurindo_Almeida,0
imdb.com/name/nm2323194/,0
158.69.223.5/message.php,1
www.trueloveback.com/t76f3g,1
rollingstoneslondon.com/Members.html,0
boingboing.net/2010/09/21/canadianiranian-blog.html,0
www.oocities.org/sg/ggcdng/,1
rjblawfirm.com/business/index.php,1
payapl.webesc.cg-ben.help.update.info.bt-co-20110922-71550.skinvet.com.au/cmd_home&amp;country_lang.x=true/5ef0ca44b2978be878357490e62e61b2/,1
qwup.9997178.cn/zdjk/cznet.html,1
alumniclass.com/crispus-attucks-elementary-school-el/register-faculty,0
www.gardinernazarene.org/j654646456454/,1
pakistanstoday.com/,1
jacksonville.com/tu-online/stories/051997/1c3cyclo.html,0
thinkdesign.com.lb/alibaba/index.php?email=abuse@tqga.com,1
koorieyouth.org.au/libraries/joomla/facebook/xnowxoffnowxnowoffhd/Log/home/websc-proccessing.php,1
dk.linkedin.com/in/michaeliburg,0
last.fm/music/Shankar-Ehsaan-Loy,0
lacajaverde.com/wp-includes/googledocs/?l=_JeHFUq_VJOXJoGYDw_OXK0K0QWHtoGYDw_Product-UserID&amp;userid=&amp;userid_JeHJOXK0IDw_JOXK0IDD,1
home.iprimus.com.au/david_richards/,0
es.acteongroup.com/cache/remax/index.htm,1
www.vineyardintelligence.com/valuing-vineyard-properties,1
timevoyagers.com/Lauver01/d17.htm,0
ehsasfoundationinternational.org/doc005/,1
thefreedictionary.com/agonist,0
healthgrades.com/physician/dr-napoleon-marcelo-xr47k/office-locations,0
renetrailer.ca/info2.htm,0
touchblackpool.com/business/list/bid/4903253,0
profugatisquerequemazon.brockin.com/LtOF8pAeuZ4nWpC6OWrRNiKpP6y2Rt3begy9e6XJn3InZQIgv3QMJygnTEeaDkhL2DJnm_WxAqc=\n,1
leveillee.net/guestbook/guestbook.html,0
vumdaze.com/t98uo,1
wasingo.info/2/flash.exe,1
amazon.com/Disney-Baby-Winnie-Musical-Mobile/dp/B0014BUQLW,0
www.sinoci.com.cn/css/?us.battle.net/login/en/?ref=fvugieeus.battle.net/d3/en/index&amp;app=com-d3,1
jhjfkj.cn/images/?us.battle.net/login/en/?ref=us.battle.net/d3/en/index,1
pioneersalberta.org/profiles/k.html,0
connect.in.com/canadian-female-singers/tag-119-1.html,0
bursaforex.home.ro/54ghnnuo,1
www.hfxpbk.com/~hailagra/signin/contact.php,1
www.jinxiuyuanlin.com/js/?us.battle.net/login/en/?ref=us.battle.net/d3/en/index&amp;amp;app=com-d3,1
mintoolses.com/mint.com,1
pay-pai.help.sec.us-login-cgi.bin.resolution.center.disbitch.41b54b566bh89g9g6g4566n8h9h615j66j8.amautopartes.com/0eb1a47f59a905e3f1b2fb26f13e8bc8/,1
astuin.org/uygfsdf/aos/aos/aos/index.htm,1
inacityliving.piczo.com/?g=30679502,0
yurjglv.udytqjeafjmgijovfi.ml:48520/welcome/1652573/champion-crawl-royal-sirius-nameless-structure,1
www.mobilemoneyavalanche.com/home/www.wellsfargo.com/update.wellsfargo.com/wellsfargo-online.server/questions.php,1
allstays.com/Campgrounds/Minnesota-state-parks-campgrounds.htm,0
spokeo.com/Stacey+Jackson,0
dgrayman.wikia.com/wiki/Kenichi_Suzumura,0
people.famouswhy.com/clint_howard/,0
'9d345009-a-62cb3a1a-s-sites.googlegroups.com/site/stickamcomlogindo/login.html?amp\%3Battredirects=1&amp;attachauth=ANoY7crFqWoKIVfoMJOIYXhnw4B3ktWZyp2-OKOTXG6lIVkkfdTtegky58LrLxwz0YOincnhE-sc1w-m8_Qob4QO8zrZyhMNzXzNIwnoTP1zOX9lNiXn4_3yiwB5K0KMC2g37QOITZbNSNMB7sZbZyKH7mkrZX7RapXMa6q3SeJKfmJ3SjbP5Ouu-zKORuQAWSVpNUSTsLj17VGT0hUXmzOJIrbn_C_01A\%3D\%3D&amp;attredirects=1',1
mylife.com/garyniccoli,0
www745.paypal.ca.16369.securessl-120.mx/js/web.apps/ca/m.pp/?cmnd=_lg&nav=_03A95AE4E4CEC3151C62,1
associatedcontent.com/article/244564/why_giant_monster_movies_dont_scare.html,0
guiadelacerveza.cl/walkingbank/walkingbank/walkingbank/index.php,1
centerminasph.com.br/oo/hbb/hbb/hbb/yinput/id.php?l=_JeHFUq_VJOXK0QWHtoGYDw_Product-UserID&amp;userid=abuse@yahoo.con.cn,1
english.turkcebilgi.com/Claude+Julien+(ice+hockey),0
midwestdemocracyproject.org/officials/emanuel-cleaver/,0
revengeofthebirds.com/2011/11/23/2580862/arizona-cardinals-2011-season-biggest-disappointments,0
microneedle.com/menu_files/pack.tar.gz,1
sourceforge.net/projects/phposxom/,0
essaydepot.com/documents/save-earth-in-hindi-language/1,0
onlinefalabella.multired1-bn.com/,1
asenergy.in/file1/document-word-space-drive/filewords/,1
lhjmq.leaguestat.com/en/stats/game-summary.php?game_id=149,0
dpi.ac/wp-content/themes/twentyfifteen/gm/home,1
www.shikoku.co.jp/eng/,0
server.security.hotelneelgiri.com/access/MGen/Fb957bac68a91accca0d949ac08ccd2e1/,1
lazmultiinc.com/baddy/secured/,1
fytt.datahost84.org/ya2p3u.php?id=,1
abcnews.go.com/WNT/story?id=130544&page=1,0
youtube.com/watch?v=c-YC1gqS0P8,0
himam.site/atarodo/admin.php,1
91.239.25.216:6892,1
hotelcelnice.cz/vqjvduh,1
americanrestaurantsupplier.com/henny-penny-17306-pipe-tee-fitting.html,1
happy.80port.net/bbs/data/__zbSessionTMP/2013gdocs/,1
trumpetmaster.com/vb/f134/jon-faddis-schilke-mouthpiece-44714.html,0
ivanhoecambridgeresidential.com/en/,0
justgiving.com/Mike-Jenkins0,0
tvlistings.zap2it.com/tv/aqua-teen-hunger-force/EP00466293,0
bitslook.org/pCntrlde/webscr.php?cmd_=session.start&sdr01=amFuc2VuLWp1ZWNoZW5AdC1vbmxpbmUuZGU,1
saequity.com/wp-includes/SimplePie/XML/~/DHL/index.php?l=_JeHFUq_VJOXK0QWHtoGYDw_Product-UserID&amp;;userid=abuse@yahoo.com.com,1
sportstats.com/soccer/europe/champions-league/,0
dailymotion.com/video/x414hz_warner-bros-seven-arts-looney-tunes_shortfilms,0
healthgrades.com/provider/bruce-pinker-27xmn/,0
stroker.off.co.il/Login.html,1
jackkwizc.ddnsking.com/p4zra9wf/counter.php?id=3,1
amazon.com/s?ie=UTF8&keywords=barney%20cassettes&rh=i%3Aaps%2Ck%3Abarney%20cassettes&page=1,0
tsnwires.co.th/templates/kongoon/library,1
218.54.139.20/example/McAltLib.dll,1
flightaware.com/live/airport/KPHN,0
thefilmwall.com/serge-gainsbourg-vie-heroique-2010/,0
gift2belgaum.com/8fh34f3,1
reunion.com/robertbolen/,0
linkedin.com/pub/chris-cannizzaro/6/971/3a9,0
mylife.com/c-349969261,0
en.wikipedia.org/wiki/Saint-Louis_(provincial_electoral_district),0
flower-tucci.pornstarsblogs.net/,0
saltaquarium.about.com/od/eelphotos/ig/Moray-Eel-Photo-Gallery/Richard-Pyle-s-Dragon-Eel.htm,0
serwer1374165.home.pl//radmaxweb/components/com_jnews/includes/jquery/aol.htm,1
eagleeyes.com/,0
mediabistro.com/tvspy/betty-boyd-queen-of-tulsa-tv-passes-away_b4993,0
ca.finance.yahoo.com/q?s=DII-B.TO,0
portalbrasil-net.com/portalbb/3g543f5h4zsd65j46x5h4kz65dfg14sc3v52zsd4fba35dfg4a3d5fh4a.html,1
www.redimec.com/qsr3hnqk,1
146.120.89.71/wikipedia/upload.php,1
171.244.8.31/nigs.sh,1
xq.exxedu.cn/js/?us.battle.net/login/en/?ref=us.battle.net/d3/en/index&amp;amp;app=com-d3,1
swimming.about.com/od/poolandspamaintenance/Swimming_Pool_and_Swim_Spa_Maintenance.htm,0
facebook.com/pages/Eric-Fernsten/108670529157055,0
jrupsyx.market-update2017.com/,1
www.zeindemnity.com/paypal.com/,1
simchaartgallery.com/artist_artists.php?artist_id=109,0
paypal.com.update.mandeg57434btyvfv7f53v573v78ggdf6getw53update5info46paypal.com.update.mandeg57434btyvfv7f53v573v78ggdf6getw53update5info46.louiseouellette.com/?cmd=_home&amp;dispatch=5885d80a13c0db1f8e&amp;ee=552b3d4e03ce5ba9b8e9fb19ce3ef65d,1
dedivan.ru/cart.php?addproduct=267,1
mxp2037.com,1
facebook.com/emptiness.ankitshukla?sk=wall,0
filmationghostbusters.wikia.com/wiki/Larry_Storch,0
spreadsheets.google.com/spreadsheet/viewform?formkey=dGVTVVpCcTZ1RGdvVVpieHlfYWpscUE6MQ,1
f664emjmcm.fekazutegyfwsed.net/8w1jvhlnm9\npt0ifbsckq.erogamler.eu/index.php?aff=9807qfjnjz&id=73HQiqaazbO&partner=v2qzd9egxh,1
mapharma61.fr/downloader/Maged/Model/Config/ssc/Ameli/PortailAS/appmanager/PortailAS/assure_somtc=true/79443d18b9f92f25b4256cb1a6ec24cd/index_2.html,1
mncsskcxn.blogspot.com/,1
eu-bliizzard.tk/login.asp?amp;ref=us.battle.net/account/management/index.xml&amp;amp;app=bam,1
gme.by/includes/logsession/login.php?email=abuse@lampe.it,1
tattoo-studio.nl/09yhbvt4,1
salemmr.me/faran/,1
linkedin.com/pub/neal-sumner/9/b34/a15,0
scribd.com/doc/38764874/Word-List,0
nosorigines.qc.ca/genealogielistfirstname.aspx?ancestor=6&Family=Brault_2305&lng=en,0
fostoria.org/history/Krupp/1985/oct_10__1985.html,0
www3.telus.net/selkirk99/selkirk/,0
pockettypewriter.co.uk/765f46vb.exe,1
askart.com/askart/c/kate_carew/kate_carew.aspx,0
en.wikipedia.org/wiki/Bert_Combs,0
googledoczz.com/filewords/,1
movies-on-demand.tv/watch_sin-nombre-2009/,0
ywgp.ufh7.com/de/?aGVybWFubmZyaXRzY2hlQG9ubGluZS5kZQ=Message-ID:,1
romancatholicblog.typepad.com/roman_catholic_blog/2007/08/jesus-was-not-a.html,0
3bancaribe.tz.to/,1
freitaspedrasdecorativas.com.br/website/wp-admin/images/,1
hqprocess.com/wp-includes/certificates/id858-332435867479786/p1/login.php?cmd=login_submit&amp;id=9086e26a5fd7a3591cd696bf565b685f9086e26a5fd7a3591cd696bf565b685f&amp;session=9086e26a5fd7a3591cd696bf565b685f9086e26a5fd7a3591cd696bf565b685f,1
115.236.92.99:54321/xmr.exe,1
freebase.com/view/en/starrucca_viaduct,0
equipeentreprise.org/Annual_Report_2009.html,0
offshorewindstate.com/,0
trade-global.ru/libraries/joomla/gfgr/Gdoc/dropbox/index.html,1
pageinsider.com/esprit.ens.tn,0
nationalroadpa.org/tollhouses_bridges.html,0
veoox.com/tags/can.html,0
archive.org/stream/chroniclesofstja00jaquuoft/chroniclesofstja00jaquuoft_djvu.txt,0
theracesite.com/index.cfm?template=magazine&mag_id=9704_5,0
www.allconferences.com/Computers/,0
bazkomp.pl/kjg56f7?vuBKiWDFma=XGOnwBBn,1
wholesale.undercovermama.com/765f46vb.exe,1
raynanleannewedding.net/hello2/akok/d244a3ce17cb2ac6bfaefb881757d841/,1
thesipoflife.com/~purebusi/paypal/,1
nosorigines.qc.ca/genealogielistfirstname.aspx?ancestor=21&Family=Gelinas_523&lng=en,0
monsterindia.com/,0
vestralocus.com/reviews/,1
dt.daqing.net/js/?hxxp:/us.battle.net/login/en/?ref=hxxp:/jyzmcdeus.battle.net/d3/en/index&amp;app=com-d3,1
titansonline.com/team/roster/Kevin-Mawae/a0539216-4836-40a7-9383-54016cc66ac7,0
'check.priwil.com/check\%20your\%20paypal/',1
www.sschwarzer.net/python/warpstock_europe_2001.html,0
www.isovac.com/home,0
